signed_carrier,i_s18_f14,q_s18_f14
-100,1714,-2888
-99,1108,-3138
-98,757,-3224
-97,629,-3274
-96,558,-3369
-95,418,-3444
-94,366,-3406
-93,491,-3470
-92,496,-3755
-91,228,-4122
-90,-255,-4533
-89,-942,-4892
-88,-1748,-4980
-87,-2502,-4686
-86,-3033,-4090
-85,-3275,-3390
-84,-3239,-2756
-83,-3016,-2343
-82,-2842,-2136
-81,-2764,-1965
-80,-2695,-1868
-79,-2697,-1869
-78,-2735,-1827
-77,-2712,-1742
-76,-2696,-1652
-75,-2672,-1459
-74,-2478,-1282
-73,-2267,-1429
-72,-2352,-1816
-71,-2692,-2125
-70,-3119,-2259
-69,-3606,-2238
-68,-4140,-2056
-67,-4672,-1628
-66,-5035,-896
-65,-5088,-38
-64,-4872,656
-63,-4546,1043
-62,-4225,1172
-61,-3984,1138
-60,-3895,1136
-59,-3848,1361
-58,-3676,1737
-57,-3364,2088
-56,-2953,2300
-55,-2538,2329
-54,-2174,2193
-53,-1912,1870
-52,-1903,1408
-51,-2270,1004
-50,-2905,948
-49,-3428,1322
-48,-3620,1816
-47,-3644,2220
-46,-3567,2654
-45,-3267,3156
-44,-2753,3550
-43,-2221,3690
-42,-1881,3684
-41,-1705,3745
-40,-1565,3882
-39,-1396,4062
-38,-1090,4266
-37,-645,4413
-36,-126,4490
-35,478,4392
-34,998,3951
-33,1212,3298
-32,1128,2654
-31,759,2167
-30,214,2069
-29,-173,2373
-28,-258,2814
-27,-164,3226
-26,24,3582
-25,288,3812
-24,588,3892
-23,935,3871
-22,1258,3772
-21,1414,3760
-20,1546,3988
-19,1926,4248
-18,2556,4252
-17,3298,3982
-16,4042,3481
-15,4567,2747
-14,4687,1914
-13,4427,1147
-12,3897,598
-11,3289,428
-10,2851,605
-9,2674,879
-8,2654,1070
-7,2740,1177
-6,2942,1124
-5,3063,845
-4,2936,608
-3,2810,638
-2,2917,697
-1,3024,740
1,3615,1559
2,4136,1126
3,4463,530
4,4830,-57
5,5139,-857
6,5080,-1775
7,4585,-2507
8,3838,-2840
9,3195,-2736
10,2929,-2468
11,2877,-2356
12,2751,-2380
13,2574,-2403
14,2447,-2481
15,2249,-2596
16,1943,-2563
17,1699,-2371
18,1603,-2147
19,1637,-1950
20,1765,-1819
21,1989,-1822
22,2288,-2062
23,2579,-2537
24,2796,-3199
25,2745,-3997
26,2284,-4658
27,1638,-4932
28,1047,-4905
29,499,-4699
30,47,-4371
31,-226,-4098
32,-388,-4003
33,-594,-4087
34,-1038,-4212
35,-1665,-4048
36,-2054,-3508
37,-2029,-2935
38,-1858,-2508
39,-1650,-2152
40,-1338,-1968
41,-990,-2070
42,-721,-2428
43,-675,-2985
44,-1011,-3556
45,-1617,-3856
46,-2207,-3837
47,-2653,-3625
48,-2885,-3354
49,-2985,-3182
50,-3103,-3012
51,-3179,-2761
52,-3268,-2575
53,-3547,-2415
54,-3952,-2129
55,-4300,-1709
56,-4492,-1200
57,-4498,-618
58,-4294,-9
59,-3860,447
60,-3324,561
61,-2866,392
62,-2555,64
63,-2510,-327
64,-2760,-565
65,-3075,-511
66,-3258,-296
67,-3388,-61
68,-3522,237
69,-3500,481
70,-3455,380
71,-3738,193
72,-4142,437
73,-4309,995
74,-4358,1595
75,-4333,2268
76,-4091,2911
77,-3707,3420
78,-3219,3883
79,-2542,4211
80,-1820,4156
81,-1359,3725
82,-1269,3222
83,-1318,2948
84,-1230,2867
85,-1100,2769
86,-1146,2658
87,-1312,2612
88,-1400,2647
89,-1281,2702
90,-1108,2654
91,-1163,2604
92,-1395,2769
93,-1578,3156
94,-1622,3698
95,-1440,4346
96,-936,4925
97,-163,5223
98,752,5190
99,1786,4892
100,2937,4277
