pilot_carrier,candidate_zero_based,i_s18_f16,q_s18_f16
-91,0,-40320,-51665
-65,0,-1608,-65516
-39,0,37736,-53581
-13,0,62228,-20557
13,0,62228,20557
39,0,37736,53581
65,0,-1608,65516
91,0,-40320,51665
-91,1,-6824,-65180
-65,1,23961,-60999
-39,1,49361,-43110
-13,1,63668,-15534
13,1,63668,15534
39,1,49361,43110
65,1,23961,60999
91,1,-6824,65180
-91,2,28745,-58896
-65,2,45769,-46906
-39,2,58172,-30182
-13,2,64704,-10411
13,2,64704,10411
39,2,58172,30182
65,2,45769,46906
91,2,28745,58896
-91,3,55582,-34721
-65,3,60392,-25451
-39,3,63668,-15534
-13,3,65328,-5222
13,3,65328,5222
39,3,63668,15534
65,3,60392,25451
91,3,55582,34721
-91,4,65536,0
-65,4,65536,0
-39,4,65536,0
-13,4,65536,0
13,4,65536,0
39,4,65536,0
65,4,65536,0
91,4,65536,0
-91,5,55582,34721
-65,5,60392,25451
-39,5,63668,15534
-13,5,65328,5222
13,5,65328,-5222
39,5,63668,-15534
65,5,60392,-25451
91,5,55582,-34721
-91,6,28745,58896
-65,6,45769,46906
-39,6,58172,30182
-13,6,64704,10411
13,6,64704,-10411
39,6,58172,-30182
65,6,45769,-46906
91,6,28745,-58896
-91,7,-6824,65180
-65,7,23961,60999
-39,7,49361,43110
-13,7,63668,15534
13,7,63668,-15534
39,7,49361,-43110
65,7,23961,-60999
91,7,-6824,-65180
-91,8,-40320,51665
-65,8,-1608,65516
-39,8,37736,53581
-13,8,62228,20557
13,8,62228,-20557
39,8,37736,-53581
65,8,-1608,-65516
91,8,-40320,-51665
