index,pilot,old_re,old_im,fresh_re,fresh_im,old_var,fresh_var
0,0,-2000,-1000,1002,-2000,10000,10000
1,0,-1887,-929,931,-1888,10000,10000
2,0,-1774,-858,860,-1776,10000,10000
3,0,-1661,-787,789,-1661,10000,10000
4,0,-1548,-716,718,-1549,10000,10000
5,0,-1435,-645,647,-1437,10000,10000
6,0,-1322,-574,576,-1322,10000,10000
7,0,-1209,-503,505,-1210,10000,10000
8,0,-1096,-432,434,-1098,10000,10000
9,1,-983,-361,363,-983,10000,10000
10,0,-870,-290,292,-871,10000,10000
11,0,-757,-219,221,-759,10000,10000
12,0,-644,-148,150,-644,10000,10000
13,0,-531,-77,79,-532,10000,10000
14,0,-418,-6,8,-420,10000,10000
15,0,-305,65,-63,-305,10000,10000
16,0,-192,136,-12000,11000,10000,10000
17,0,-79,207,-205,-81,10000,10000
18,0,34,278,-276,34,10000,10000
19,0,147,349,-347,146,10000,10000
20,0,260,420,-418,258,10000,10000
21,0,373,491,-489,373,10000,10000
22,0,486,562,-560,485,10000,10000
23,0,599,633,-631,597,10000,10000
24,0,712,704,-702,712,10000,10000
25,0,825,775,-773,824,10000,10000
26,0,938,846,-844,936,10000,10000
27,0,1051,917,-915,1051,10000,10000
28,0,1164,988,-986,1163,10000,10000
29,0,1277,1059,-1057,1275,10000,10000
30,0,1390,1130,-1128,1390,10000,10000
31,0,1503,1201,-1199,1502,10000,10000
32,0,1616,1272,-1270,1614,10000,10000
33,0,1729,1343,-1341,1729,10000,10000
34,0,1842,1414,-1412,1841,10000,10000
35,1,1955,1485,-1483,1953,10000,10000
36,0,2068,1556,-1554,2068,10000,10000
37,0,2181,1627,-1625,2180,10000,10000
38,0,2294,1698,-1696,2292,10000,10000
39,0,2407,1769,-1767,2407,10000,10000
40,0,2520,1840,-1838,2519,10000,10000
41,0,2633,1911,-1909,2631,10000,10000
42,0,2746,1982,-1980,2746,10000,10000
43,0,2859,2053,-2051,2858,10000,10000
44,0,2972,2124,-2122,2970,10000,10000
45,0,3085,2195,-2193,3085,10000,10000
46,0,3198,2266,-2264,3197,10000,10000
47,0,3311,2337,-2335,3309,10000,10000
48,0,3424,2408,-2406,3424,10000,10000
49,0,3537,2479,-2477,3536,10000,10000
50,0,3650,2550,-2548,3648,10000,10000
51,0,3763,2621,-2619,3763,10000,10000
52,0,3876,2692,-2690,3875,10000,10000
53,0,3989,2763,-2761,3987,10000,10000
54,0,4102,2834,-2832,4102,10000,10000
55,0,4215,2905,-2903,4214,10000,10000
56,0,4328,2976,-2974,4326,10000,10000
57,0,4441,3047,-3045,4441,10000,10000
58,0,4554,3118,-3116,4553,10000,10000
59,0,4667,3189,-3187,4665,10000,10000
60,0,4780,3260,-3258,4780,10000,10000
61,1,4893,3331,-3329,4892,10000,10000
62,0,5006,3402,-3400,5004,10000,10000
63,0,5119,3473,-3471,5119,10000,10000
64,0,5232,3544,-3542,5231,10000,10000
65,0,5345,3615,-3613,5343,10000,10000
66,0,5458,3686,-3684,5458,10000,10000
67,0,5571,3757,-3755,5570,10000,10000
68,0,5684,3828,-3826,5682,10000,10000
69,0,5797,3899,-3897,5797,10000,10000
70,0,5910,3970,-3968,5909,10000,10000
71,0,6023,-3959,3961,6021,10000,10000
72,0,6136,-3888,3890,6136,10000,10000
73,0,6249,-3817,3819,6248,10000,10000
74,0,6362,-3746,3748,6360,10000,10000
75,0,6475,-3675,3677,6475,10000,10000
76,0,6588,-3604,3606,6587,10000,10000
77,0,6701,-3533,3535,6699,10000,10000
78,0,6814,-3462,3464,6814,10000,10000
79,0,6927,-3391,3393,6926,10000,10000
80,0,7040,-3320,3322,7038,10000,10000
81,0,7153,-3249,3251,7153,10000,10000
82,0,7266,-3178,3180,7265,10000,10000
83,0,7379,-3107,3109,7377,10000,10000
84,0,7492,-3036,3038,7492,10000,10000
85,0,7605,-2965,2967,7604,10000,10000
86,0,7718,-2894,2896,7716,10000,10000
87,1,7831,-2823,2825,7831,10000,10000
88,0,7944,-2752,2754,7943,10000,10000
89,0,8057,-2681,2683,8055,10000,10000
90,0,8170,-2610,2612,8170,10000,10000
91,0,8283,-2539,2541,8282,10000,10000
92,0,8396,-2468,2470,8394,10000,10000
93,0,8509,-2397,2399,8509,10000,10000
94,0,8622,-2326,2328,8621,10000,10000
95,0,8735,-2255,2257,8733,10000,10000
96,0,8848,-2184,2186,8848,10000,10000
97,0,8961,-2113,2115,8960,10000,10000
98,0,-8926,-2042,2044,-8928,10000,10000
99,0,-8813,-1971,1973,-8813,10000,10000
100,0,-8700,-1900,1902,-8701,10000,10000
101,0,-8587,-1829,1831,-8589,10000,10000
102,0,-8474,-1758,1760,-8474,10000,10000
103,0,-8361,-1687,1689,-8362,10000,10000
104,0,-8248,-1616,1618,-8250,10000,10000
105,0,-8135,-1545,1547,-8135,10000,10000
106,0,-8022,-1474,1476,-8023,10000,10000
107,0,-7909,-1403,1405,-7911,10000,10000
108,0,-7796,-1332,1334,-7796,10000,10000
109,0,-7683,-1261,1263,-7684,10000,10000
110,0,-7570,-1190,1192,-7572,10000,10000
111,0,-7457,-1119,1121,-7457,10000,10000
112,1,-7344,-1048,1050,-7345,10000,10000
113,0,-7231,-977,979,-7233,10000,10000
114,0,-7118,-906,908,-7118,10000,10000
115,0,-7005,-835,837,-7006,10000,10000
116,0,-6892,-764,766,-6894,10000,10000
117,0,-6779,-693,695,-6779,10000,10000
118,0,-6666,-622,624,-6667,10000,10000
119,0,-6553,-551,553,-6555,10000,10000
120,0,-6440,-480,482,-6440,10000,10000
121,0,-6327,-409,411,-6328,10000,10000
122,0,-6214,-338,340,-6216,10000,10000
123,0,-6101,-267,269,-6101,10000,10000
124,0,-5988,-196,198,-5989,10000,10000
125,0,-5875,-125,127,-5877,10000,10000
126,0,-5762,-54,56,-5762,10000,10000
127,0,-5649,17,-15,-5650,10000,10000
128,0,-5536,88,-86,-5538,10000,10000
129,0,-5423,159,-157,-5423,10000,10000
130,0,-5310,230,-228,-5311,10000,10000
131,0,-5197,301,-299,-5199,10000,10000
132,0,-5084,372,-370,-5084,10000,10000
133,0,-4971,443,-441,-4972,10000,10000
134,0,-4858,514,-512,-4860,10000,10000
135,0,-4745,585,-583,-4745,10000,10000
136,0,-4632,656,-654,-4633,10000,10000
137,0,-4519,727,-725,-4521,10000,10000
138,1,-4406,798,-796,-4406,10000,10000
139,0,-4293,869,-867,-4294,10000,10000
140,0,-4180,940,-938,-4182,10000,10000
141,0,-4067,1011,-1009,-4067,10000,10000
142,0,-3954,1082,-1080,-3955,10000,10000
143,0,-3841,1153,-1151,-3843,10000,10000
144,0,-3728,1224,-1222,-3728,10000,10000
145,0,-3615,1295,-1293,-3616,10000,10000
146,0,-3502,1366,-1364,-3504,10000,10000
147,0,-3389,1437,-1435,-3389,10000,10000
148,0,-3276,1508,-1506,-3277,10000,10000
149,0,-3163,1579,-1577,-3165,10000,10000
150,0,-3050,1650,-1648,-3050,10000,10000
151,0,-2937,1721,-1719,-2938,10000,10000
152,0,-2824,1792,-1790,-2826,10000,10000
153,0,-2711,1863,-1861,-2711,10000,10000
154,0,-2598,1934,-1932,-2599,10000,10000
155,0,-2485,2005,-2003,-2487,10000,10000
156,0,-2372,2076,-2074,-2372,10000,10000
157,0,-2259,2147,-2145,-2260,10000,10000
158,0,-2146,2218,-2216,-2148,10000,10000
159,0,-2033,2289,-2287,-2033,10000,10000
160,0,-1920,2360,-2358,-1921,10000,10000
161,0,-1807,2431,-2429,-1809,10000,10000
162,0,-1694,2502,-2500,-1694,10000,10000
163,0,-1581,2573,-2571,-1582,10000,10000
164,1,-1468,2644,-2642,-1470,10000,10000
165,0,-1355,2715,-2713,-1355,10000,10000
166,0,-1242,2786,-2784,-1243,10000,10000
167,0,-1129,2857,-2855,-1131,10000,10000
168,0,-1016,2928,-2926,-1016,10000,10000
169,0,-903,2999,-2997,-904,10000,10000
170,0,-790,3070,-3068,-792,10000,10000
171,0,-677,3141,-3139,-677,10000,10000
172,0,-564,3212,-3210,-565,10000,10000
173,0,-451,3283,-3281,-453,10000,10000
174,0,-338,3354,-3352,-338,10000,10000
175,0,-225,3425,-3423,-226,10000,10000
176,0,-112,3496,-3494,-114,10000,10000
177,0,1,3567,-3565,1,10000,10000
178,0,114,3638,-3636,113,10000,10000
179,0,227,3709,-3707,225,10000,10000
180,0,340,3780,-3778,340,10000,10000
181,0,453,3851,-3849,452,10000,10000
182,0,566,3922,-3920,564,10000,10000
183,0,679,3993,-3991,679,10000,10000
184,0,792,-3936,3938,791,10000,10000
185,0,905,-3865,3867,903,10000,10000
186,0,1018,-3794,3796,1018,10000,10000
187,0,1131,-3723,3725,1130,10000,10000
188,0,1244,-3652,3654,1242,10000,10000
189,0,1357,-3581,3583,1357,10000,10000
190,1,1470,-3510,3512,1469,10000,10000
191,0,1583,-3439,3441,1581,10000,10000
192,0,1696,-3368,3370,1696,10000,10000
193,0,1809,-3297,3299,1808,10000,10000
194,0,1922,-3226,3228,1920,10000,10000
195,0,2035,-3155,3157,2035,10000,10000
196,0,2148,-3084,3086,2147,10000,10000
197,0,2261,-3013,3015,2259,10000,10000
198,0,2374,-2942,2944,2374,10000,10000
199,0,2487,-2871,2873,2486,10000,10000
