index,next_re,next_im
0,-2000,-1000
1,-1887,-929
2,-1774,-858
3,-1661,-787
4,-1548,-716
5,-1435,-645
6,-1322,-574
7,-1209,-503
8,-1096,-432
9,-983,-361
10,-870,-290
11,-757,-219
12,-644,-148
13,-531,-77
14,-418,-6
15,-305,65
16,-192,136
17,-79,207
18,34,278
19,147,349
20,260,420
21,373,491
22,486,562
23,599,633
24,712,704
25,825,775
26,938,846
27,1051,917
28,1164,988
29,1277,1059
30,1390,1130
31,1503,1201
32,1616,1272
33,1729,1343
34,1842,1414
35,1955,1485
36,2068,1556
37,2181,1627
38,2294,1698
39,2407,1769
40,2520,1840
41,2633,1911
42,2746,1982
43,2859,2053
44,2972,2124
45,3085,2195
46,3198,2266
47,3311,2337
48,3424,2408
49,3537,2479
50,3650,2550
51,3763,2621
52,3876,2692
53,3989,2763
54,4102,2834
55,4215,2905
56,4328,2976
57,4441,3047
58,4554,3118
59,4667,3189
60,4780,3260
61,4893,3331
62,5006,3402
63,5119,3473
64,5232,3544
65,5345,3615
66,5458,3686
67,5571,3757
68,5684,3828
69,5797,3899
70,5910,3970
71,6023,-3959
72,6136,-3888
73,6249,-3817
74,6362,-3746
75,6475,-3675
76,6588,-3604
77,6701,-3533
78,6814,-3462
79,6927,-3391
80,7040,-3320
81,7153,-3249
82,7266,-3178
83,7379,-3107
84,7492,-3036
85,7605,-2965
86,7718,-2894
87,7831,-2823
88,7944,-2752
89,8057,-2681
90,8170,-2610
91,8283,-2539
92,8396,-2468
93,8509,-2397
94,8622,-2326
95,8735,-2255
96,8848,-2184
97,8961,-2113
98,-8926,-2042
99,-8813,-1971
100,-8700,-1900
101,-8587,-1829
102,-8474,-1758
103,-8361,-1687
104,-8248,-1616
105,-8135,-1545
106,-8022,-1474
107,-7909,-1403
108,-7796,-1332
109,-7683,-1261
110,-7570,-1190
111,-7457,-1119
112,-7344,-1048
113,-7231,-977
114,-7118,-906
115,-7005,-835
116,-6892,-764
117,-6779,-693
118,-6666,-622
119,-6553,-551
120,-6440,-480
121,-6327,-409
122,-6214,-338
123,-6101,-267
124,-5988,-196
125,-5875,-125
126,-5762,-54
127,-5649,17
128,-5536,88
129,-5423,159
130,-5310,230
131,-5197,301
132,-5084,372
133,-4971,443
134,-4858,514
135,-4745,585
136,-4632,656
137,-4519,727
138,-4406,798
139,-4293,869
140,-4180,940
141,-4067,1011
142,-3954,1082
143,-3841,1153
144,-3728,1224
145,-3615,1295
146,-3502,1366
147,-3389,1437
148,-3276,1508
149,-3163,1579
150,-3050,1650
151,-2937,1721
152,-2824,1792
153,-2711,1863
154,-2598,1934
155,-2485,2005
156,-2372,2076
157,-2259,2147
158,-2146,2218
159,-2033,2289
160,-1920,2360
161,-1807,2431
162,-1694,2502
163,-1581,2573
164,-1468,2644
165,-1355,2715
166,-1242,2786
167,-1129,2857
168,-1016,2928
169,-903,2999
170,-790,3070
171,-677,3141
172,-564,3212
173,-451,3283
174,-338,3354
175,-225,3425
176,-112,3496
177,1,3567
178,114,3638
179,227,3709
180,340,3780
181,453,3851
182,566,3922
183,679,3993
184,792,-3936
185,905,-3865
186,1018,-3794
187,1131,-3723
188,1244,-3652
189,1357,-3581
190,1470,-3510
191,1583,-3439
192,1696,-3368
193,1809,-3297
194,1922,-3226
195,2035,-3155
196,2148,-3084
197,2261,-3013
198,2374,-2942
199,2487,-2871
