-100,1,1,0,0
-99,0.70986436294280331,0.61648223839779126,-0.70433840320105223,-0.78736881430499195
-98,-0.69876942777884166,-0.91226955266489662,-0.71534696952012755,-0.4095903603365067
-97,-0.023442573603260467,0.66447147343882118,0.99972518510981589,0.74731362960007752
-96,0.039064592958819068,-0.93607786520054193,-0.99923668746546823,-0.35179287980514351
-95,0.66447147343882307,0.51347419351484236,0.74731362960007597,-0.85810503587514408
-94,-0.76268517811038317,0.98246254287557655,0.64676991201719725,-0.18646005429167919
-93,-0.99402083616877612,0.96889336201406384,-0.10919055482195845,-0.2474785910843284
-92,-0.99012251453465094,0.3444668502843285,-0.14020487228188588,-0.93879848160038792
-91,-0.81989842367342769,-0.99890089148571137,0.57250901727206738,-0.046872262469941334
-90,0.54004301577467806,0.9185596858515811,0.84163741665457747,0.39528230864566244
-89,0.25504276856167324,-0.99012251453465039,-0.96692977315025153,0.14020487228188952
-88,-0.30008463500033761,-0.023442573603261081,0.95391258081478003,-0.99972518510981589
-87,-0.41670708222598252,0.68750379294350017,-0.9090408173578941,-0.72618078650450457
-86,0.93046529630708086,0.59157221241352476,-0.36638003816826065,-0.80625201860222806
-85,0.89206844255738627,-0.38809185267224661,0.45190031399993424,-0.92162069957733872
-84,0.8620915448564086,-0.72078588809673783,0.50675257107102156,0.69315777678721668
-83,0.98246254287557333,0.89206844255738071,-0.18646005429169629,-0.45190031399994518
-82,-0.11695532197205885,-0.47268850518856448,-0.99313717716255701,0.88122958249402883
-81,-0.67607021047499383,-0.8540661203065778,0.73683720760307536,-0.52016445682540646
-80,0.73153133526364778,-0.30008463500033505,-0.68180782155046049,-0.95391258081478081
-79,-0.11695532197208512,-0.47268850518856453,0.9931371771625539,-0.88122958249402883
-78,-0.97942832454743178,-0.99987785694065345,-0.2017923612880595,0.015629177833979876
-77,-0.47268850518857053,0.43086374494099411,-0.88122958249402561,0.90241699523857699
-76,-0.38809185267224205,-0.20944026276608052,-0.92162069957734061,-0.97782144399295889
-75,-0.88489665221792246,0.77270050338199958,-0.46578741384188693,0.63477077128141657
-74,-0.55313115412521396,-0.62871286659088821,0.83309418815408198,0.77763753213374931
-73,0.99560598202189654,-0.97264290532480502,-0.093641489534366962,0.23230535663501706
-72,-0.99987785694065345,-0.8848966522179238,-0.015629177833979869,0.46578741384188432
-71,0.7921624734111532,0.070276188945252352,-0.61031026184976123,0.997527572184013
-70,0.5134741935148297,0.84583205925908922,0.85810503587515163,-0.5334492736235833
-69,-0.35909742446863518,-0.92462542765782418,0.93330008022071487,0.38087769497384044
-68,-0.47268850518854205,0.43086374494094282,0.88122958249404093,-0.90241699523860153
-67,0.16337736181851573,0.93046529630708286,0.98656365108654887,0.3663800381682556
-66,0.99951145760046656,0.56608417021293145,-0.031254537676803591,0.82434744630788837
-65,-0.62871286659089121,0.7921624734111532,-0.77763753213374687,0.61031026184976123
-64,0.51347419351480617,0.84583205925908922,0.85810503587516573,-0.5334492736235833
-63,-0.92462542765779576,-0.8990223129594217,-0.38087769497390928,-0.4379028211842117
-62,0.51347419351482471,0.84583205925911953,-0.85810503587515463,0.53344927362353511
-61,0.99560598202190176,-0.97264290532481823,-0.093641489534312325,0.23230535663496177
-60,0.99804630774921554,-0.35909742446867365,0.062478537019988248,-0.9333000802207001
-59,0.84583205925903382,0.16337736181860466,-0.53344927362367112,-0.98656365108653421
-58,-0.38809185267224477,-0.20944026276619171,-0.9216206995773395,-0.97782144399293502
-57,-0.526822952411933,-0.99694791515392112,0.84997504481718411,-0.078069548930745386
-56,0.66447147343889101,0.51347419351476919,-0.74731362960001546,0.85810503587518783
-55,-0.11695532197202477,-0.47268850518856453,0.993137177162561,-0.88122958249402883
-54,-0.95622856159342895,0.97615484547536868,-0.29262080922750827,0.21707537321160836
-53,-0.30008463500029581,-0.023442573603360516,-0.95391258081479313,0.99972518510981356
-52,-0.11695532197200727,-0.47268850518871475,-0.993137177162563,0.88122958249394823
-51,-0.65271041524540008,-0.054677069376573205,-0.75760749325107479,0.99850409016908359
-50,-0.86990637240877611,0.96068518757680654,0.49321689269793229,0.27764000138761713
-49,0.89206844255740825,-0.38809185267235136,0.451900313999891,-0.92162069957729464
-48,-0.78252706864678501,0.40244862375506879,-0.62261656485759342,0.9154425734242706
-47,0.99560598202190009,-0.97264290532483144,0.093641489534329866,-0.23230535663490648
-46,-0.30008463500014804,-0.023442573603303717,0.95391258081483965,-0.9997251851098149
-45,-0.96490713150444463,0.37364027613693529,0.2625913699493273,-0.92757368658684725
-44,-0.99890089148569872,-0.11695532197201507,0.04687226247021057,-0.99313717716256211
-43,-0.81989842367333376,-0.99890089148570471,0.57250901727220205,-0.046872262470083269
-42,0.37364027613667167,0.64078990895796417,0.92757368658695349,0.76771628390808799
-41,0.59157221241362823,-0.69876942777892781,-0.80625201860215212,-0.71534696952004329
-40,-0.7626851781104349,0.98246254287557522,0.64676991201713629,-0.18646005429168619
-39,0.31495685110866178,0.48640366342583552,-0.94910599088811798,0.87373421370913851
-38,0.84583205925895011,0.16337736181871684,0.53344927362380379,0.98656365108651556
-37,-0.023442573603325235,0.66447147343884716,0.99972518510981445,0.74731362960005454
-36,-0.27012393423510234,0.81085043352920816,0.96282556060448987,-0.58525342753844267
-35,0.25504276856173863,-0.99012251453463851,0.96692977315023421,-0.1402048722819739
-34,1,1,1.7617582449897413e-14,-1.7055749173043394e-13
-33,-0.5000000000000917,-0.50000000000009848,-0.86602540378438575,0.86602540378438175
-32,0.25504276856187702,-0.99012251453461453,0.96692977315019768,-0.14020487228214276
-31,-0.69876942777904705,-0.91226955266478738,-0.71534696951992693,-0.40959036033675017
-30,0.87750869390977493,-0.97942832454736783,-0.47956072828450103,0.20179236128836958
-29,0.84583205925905791,0.16337736181866078,0.53344927362363292,0.98656365108652488
-28,0.66447147343894675,0.51347419351476908,0.74731362959996595,-0.85810503587518783
-27,0.94146176326548836,-0.32975212763000072,0.33711978332491482,0.94406754754280575
-26,0.59157221241378477,-0.69876942777880591,-0.80625201860203732,-0.71534696952016241
-25,-0.99012251453462996,0.34446685028446189,-0.14020487228203407,-0.93879848160033907
-24,0.90575656468999222,0.54004301577436586,0.42379835478796285,-0.84163741665477776
-23,-0.99890089148570504,-0.11695532197173282,0.046872262470075483,-0.99313717716259531
-22,0.25504276856187885,-0.99012251453459066,-0.96692977315019724,0.14020487228231165
-21,0.97615484547537168,0.87750869390982478,-0.21707537321159501,0.47956072828440977
-20,0.99560598202193551,-0.97264290532484465,0.093641489533953209,-0.23230535663485116
-19,0.93046529630709074,0.59157221241318103,-0.36638003816823561,-0.8062520186024803
-18,-0.054677069376596749,0.99219286482367786,-0.99850409016908226,0.1247129463727925
-17,-0.86990637240878488,0.96068518757685384,0.49321689269791696,0.27764000138745326
-16,0.9824625428755781,0.89206844255745776,-0.18646005429167081,-0.45190031399979314
-15,-0.80160436387952971,-0.52682295241209465,0.59785486851684544,-0.84997504481708397
-14,-0.30008463500022664,-0.02344257360341731,-0.95391258081481489,0.99972518510981223
-13,0.7315313352635,-0.30008463500082311,-0.68180782155061892,-0.95391258081462726
-12,0.91855968585152503,0.99951145760046411,-0.39528230864579256,0.031254537676881904
-11,0.66447147343847646,0.51347419351520818,-0.74731362960038417,0.85810503587492515
-10,-0.47268850518883748,0.43086374494068636,-0.8812295824938825,0.90241699523872398
-9,-0.60410101215132894,0.95153834224614275,0.79690775320468554,0.30753013386571149
-8,0.84583205925888838,0.16337736181809989,-0.5334492736239016,-0.98656365108661781
-7,-0.55313115412505554,-0.62871286659115333,0.83309418815418712,0.77763753213353493
-6,-0.57889889979622688,0.28513911238138273,-0.81539932782331759,-0.9584861431394599
-5,0.51347419351473544,0.84583205925927119,-0.85810503587520792,0.53344927362329475
-4,0.79216247341122725,0.070276188945252407,-0.61031026184966497,0.997527572184013
-3,0.4864036634262191,0.039064592959005037,-0.87373421370892501,0.9992366874654609
-2,-0.62871286659061998,0.79216247341118795,-0.77763753213396625,0.61031026184971615
-1,-0.47268850518877348,0.43086374494042978,0.88122958249391681,-0.90241699523884644
1,-0.47268850518864736,0.43086374494119922,0.88122958249398442,-0.90241699523847907
2,-0.62871286659119607,0.79216247341125723,-0.7776375321335004,0.610310261849626
3,0.48640366342584401,0.03906459295917545,-0.87373421370913373,0.99923668746545424
4,0.79216247341143309,0.07027618894457198,-0.61031026184939785,0.99752757218406085
5,0.51347419351490198,0.84583205925893767,-0.85810503587510834,0.53344927362382355
6,-0.57889889979618525,0.2851391123814917,-0.81539932782334712,-0.95848614313942748
7,-0.55313115412535763,-0.62871286659119752,0.8330941881539865,0.77763753213349918
8,0.84583205925900551,0.16337736181854853,-0.53344927362371597,-0.98656365108654342
9,-0.60410101215175227,0.9515383422461603,0.79690775320436458,0.30753013386565736
10,-0.47268850518849548,0.43086374494160973,-0.88122958249406591,0.90241699523828312
11,0.66447147343865953,0.51347419351574475,-0.7473136296002213,0.85810503587460407
12,0.91855968585138559,0.9995114576004428,-0.39528230864611669,0.031254537677563664
13,0.731531335263782,-0.30008463500022664,-0.68180782155031638,-0.95391258081481489
14,-0.30008463500040244,-0.023442573602167064,-0.9539125808147596,0.99972518510984154
15,-0.80160436387933398,-0.5268229524112733,0.5978548685171079,-0.84997504481759301
16,0.98246254287565993,0.89206844255745776,-0.18646005429123946,-0.45190031399979314
17,-0.86990637240848223,0.96068518757686971,0.4932168926984507,0.27764000138739864
18,-0.054677069375535986,0.99219286482380542,-0.99850409016914043,0.12471294637177725
19,0.93046529630709429,0.59157221241377678,-0.36638003816822651,-0.80625201860204321
20,0.99560598202190542,-0.97264290532479181,0.093641489534273217,-0.23230535663507226
21,0.97615484547531162,0.87750869390974295,-0.21707537321186485,0.47956072828455937
22,0.25504276856235264,-0.99012251453460653,-0.96692977315007234,0.14020487228219916
23,-0.99890089148570005,-0.11695532197167642,0.046872262470183224,-0.99313717716260197
24,0.90575656468971311,0.54004301577513125,0.42379835478855932,-0.84163741665428671
25,-0.99012251453468525,0.34446685028440849,-0.14020487228164391,-0.93879848160035861
26,0.59157221241335167,-0.69876942777953788,-0.80625201860235507,-0.71534696951944743
27,0.94146176326556441,-0.32975212763026895,0.33711978332470255,0.94406754754271205
28,0.66447147343820268,0.51347419351457402,0.74731362960062753,-0.85810503587530462
29,0.84583205925860305,0.16337736181894125,0.53344927362435413,0.98656365108647848
30,0.87750869390946096,-0.97942832454757434,-0.47956072828507557,0.20179236128736752
31,-0.69876942777799123,-0.91226955266513654,-0.71534696952095822,-0.40959036033597224
32,0.25504276856124786,-0.99012251453461453,0.96692977315036366,-0.14020487228214268
33,-0.49999999999945516,-0.49999999999886768,-0.86602540378475323,0.86602540378509241
34,1,1,-7.2620410714294629e-14,1.7041884006783815e-13
35,0.25504276856064512,-0.99012251453463052,0.96692977315052264,-0.1402048722820301
36,-0.2701239342347399,0.81085043352880892,0.96282556060459146,-0.58525342753899579
37,-0.023442573603942422,0.66447147343871971,0.99972518510979991,0.74731362960016778
38,0.84583205925954619,0.16337736181838047,0.53344927362285866,0.98656365108657129
39,0.31495685110897614,0.4864036634261833,-0.94910599088801362,0.87373421370894488
40,-0.76268517810967418,0.98246254287561763,0.64676991201803324,-0.18646005429146292
41,0.59157221241293123,-0.69876942777994444,-0.80625201860266349,-0.71534696951905019
42,0.37364027613549722,0.64078990895822607,0.92757368658742656,0.76771628390786939
43,-0.81989842367293531,-0.99890089148569139,0.57250901727277259,-0.046872262470367063
44,-0.99890089148569139,-0.11695532197156354,0.046872262470367299,-0.99313717716261529
45,-0.96490713150448526,0.37364027613688244,0.26259136994917798,-0.92757368658686856
46,-0.30008463499994226,-0.023442573602508242,0.95391258081490438,-0.99972518510983355
47,0.9956059820218911,-0.97264290532460695,0.093641489534425387,-0.23230535663584626
48,-0.78252706864695598,0.40244862375652596,-0.6226165648573786,0.91544257342363
49,0.89206844255811069,-0.38809185267114654,0.45190031399850428,-0.92162069957780191
50,-0.86990637240872393,0.96068518757696442,0.49321689269802449,0.2776400013870709
51,-0.65271041524645013,-0.054677069375721706,-0.75760749325017018,0.99850409016913022
52,-0.11695532197194508,-0.4726885051885143,-0.99313717716257033,0.88122958249405581
53,-0.30008463500134858,-0.02344257360341721,-0.95391258081446195,0.99972518510981223
54,-0.95622856159329483,0.97615484547539344,-0.29262080922794675,0.21707537321149725
55,-0.11695532197324132,-0.47268850518801364,0.99313717716241767,-0.88122958249432437
56,0.66447147343952961,0.51347419351564727,-0.74731362959944769,0.85810503587466236
57,-0.52682295241176469,-0.99694791515388126,0.84997504481728847,-0.07806954893125527
58,-0.38809185267255925,-0.2094402627647467,-0.92162069957720705,-0.97782144399324455
59,0.84583205925932126,0.16337736182023083,-0.53344927362321526,-0.98656365108626487
60,0.99804630774931158,-0.35909742446899207,0.062478537018454391,-0.93330008022057753
61,0.9956059820219999,-0.97264290532451447,-0.093641489533268396,0.23230535663623356
62,0.51347419351413826,0.84583205925863447,-0.8581050358755653,0.53344927362430428
63,-0.92462542765780853,-0.8990223129599445,-0.38087769497387836,-0.43790282118313839
64,0.51347419351486012,0.84583205925993821,0.85810503587513343,-0.53344927362223715
65,-0.62871286659021153,0.79216247341104917,-0.77763753213429643,0.61031026184989612
66,0.99951145760043614,0.56608417021452484,-0.031254537677777437,0.82434744630679413
67,0.16337736181855261,0.93046529630741615,0.98656365108654276,0.36638003816740922
68,-0.47268850519018635,0.43086374494053226,0.88122958249315897,-0.90241699523879759
69,-0.35909742446955339,-0.92462542765825706,0.93330008022036159,0.38087769497278939
70,0.51347419351391321,0.84583205925930138,0.85810503587570008,-0.5334492736232469
71,0.79216247341130142,0.070276188946273174,-0.61031026184956871,0.99752757218394106
72,-0.99987785694064657,-0.88489665221824143,-0.01562917783442069,0.46578741384128092
73,0.9956059820218659,-0.97264290532480491,-0.09364148953469302,0.23230535663501725
74,-0.55313115412657399,-0.62871286658982717,0.83309418815317882,0.77763753213460718
75,-0.88489665221832747,0.77270050338293783,-0.46578741384111755,0.63477077128027448
76,-0.38809185267118451,-0.20944026276646979,-0.92162069957778592,-0.97782144399287552
77,-0.47268850518813627,0.43086374494243057,-0.88122958249425853,0.90241699523789121
78,-0.9794283245472809,-0.99987785694065523,-0.20179236128879174,0.015629177833866397
79,-0.11695532197039914,-0.47268850518901551,0.9931371771627524,-0.88122958249378691
80,0.73153133526396241,-0.30008463500028099,-0.68180782155012298,-0.95391258081479779
81,-0.67607021047623361,-0.85406612030654838,0.73683720760193783,-0.52016445682545476
82,-0.1169553219736913,-0.47268850518646044,-0.99313717716236471,0.88122958249515748
83,0.98246254287551305,0.89206844255658435,-0.18646005429201373,-0.45190031400151737
84,0.8620915448563784,-0.72078588809552613,0.50675257107107297,0.69315777678847668
85,0.89206844255676254,-0.38809185267104185,0.45190031400116554,-0.92162069957784609
86,0.93046529630708641,0.59157221241510571,-0.36638003816824666,-0.8062520186010681
87,-0.41670708222474256,0.68750379294365482,-0.90904081735846254,-0.72618078650435813
88,-0.30008463500037036,-0.023442573601769569,0.95391258081476971,-0.99972518510985087
89,0.25504276856307273,-0.99012251453444722,-0.96692977314988238,0.14020487228332493
90,0.54004301577454916,0.91855968585211478,0.84163741665466019,0.39528230864442215
91,-0.81989842367226196,-0.99890089148571271,0.57250901727373693,-0.046872262469912718
92,-0.99012251453460087,0.34446685028670299,-0.14020487228223963,-0.93879848159951673
93,-0.99402083616877179,0.9688933620147232,-0.10919055482199831,-0.247478591081747
94,-0.76268517811198022,0.98246254287564938,0.64676991201531409,-0.18646005429129547
95,0.66447147343989899,0.51347419351428114,0.74731362959911929,-0.85810503587547982
96,0.039064592959852859,-0.93607786520070824,-0.99923668746542782,-0.35179287980470098
97,-0.023442573602245321,0.66447147343812507,0.99972518510983976,0.74731362960069647
98,-0.69876942777776563,-0.91226955266492715,-0.7153469695211786,-0.40959036033643881
99,0.70986436294244992,0.61648223839504146,-0.70433840320140839,-0.78736881430714489
100,1,1,2.0618305805242811e-12,1.5913681358479891e-12
