channel,receiver,sample_snr_db,frames,packet_errors,per,sync_fail_rate,header_fail_rate,conditional_payload_ber,mean_iterations,goodput_mbps,paired_rescues_minus_regressions,rescues,regressions,unsafe_fft_per_capture,seed,quantized_decoder
flat,proposed,4,20,1,0.05,0,0,2.9114907e-05,2.5125,7.1191273,0,0,0,0,20260927,0
flat,safe_window,4,20,1,0.05,0,0,7.7639752e-05,2.475,7.1191273,0,0,0,0,20260927,0
flat,compact_channel,4,20,1,0.05,0,0,5.8229814e-05,2.525,7.1191273,0,0,0,0,20260927,0
flat,compact,4,20,1,0.05,0,0,5.8229814e-05,2.521875,7.1191273,0,0,0,0,20260927,0
flat,proposed,6,20,0,0,0,0,0,1.371875,7.4938182,0,0,0,0,20260927,0
flat,safe_window,6,20,0,0,0,0,0,1.334375,7.4938182,0,0,0,0,20260927,0
flat,compact_channel,6,20,0,0,0,0,0,1.390625,7.4938182,0,0,0,0,20260927,0
flat,compact,6,20,0,0,0,0,0,1.384375,7.4938182,0,0,0,0,20260927,0
flat,proposed,8,20,0,0,0,0,0,1.015625,7.4938182,0,0,0,0,20260927,0
flat,safe_window,8,20,0,0,0,0,0,1.01875,7.4938182,0,0,0,0,20260927,0
flat,compact_channel,8,20,0,0,0,0,0,1.025,7.4938182,0,0,0,0,20260927,0
flat,compact,8,20,0,0,0,0,0,1.025,7.4938182,0,0,0,0,20260927,0
short_multipath,proposed,4,20,1,0.05,0,0,0,2.725,7.1191273,0,0,0,0,20260927,0
short_multipath,safe_window,4,20,0,0,0,0,0,2.75625,7.4938182,1,1,0,0,20260927,0
short_multipath,compact_channel,4,20,1,0.05,0,0,0.00038819876,2.8,7.1191273,0,1,1,0,20260927,0
short_multipath,compact,4,20,1,0.05,0,0,0.00036878882,2.803125,7.1191273,0,1,1,0,20260927,0
short_multipath,proposed,6,20,0,0,0,0,0,1.6125,7.4938182,0,0,0,0,20260927,0
short_multipath,safe_window,6,20,0,0,0,0,0,1.621875,7.4938182,0,0,0,0,20260927,0
short_multipath,compact_channel,6,20,0,0,0,0,0,1.6375,7.4938182,0,0,0,0,20260927,0
short_multipath,compact,6,20,0,0,0,0,0,1.6375,7.4938182,0,0,0,0,20260927,0
short_multipath,proposed,8,20,0,0,0,0,0,1.06875,7.4938182,0,0,0,0,20260927,0
short_multipath,safe_window,8,20,0,0,0,0,0,1.065625,7.4938182,0,0,0,0,20260927,0
short_multipath,compact_channel,8,20,0,0,0,0,0,1.071875,7.4938182,0,0,0,0,20260927,0
short_multipath,compact,8,20,0,0,0,0,0,1.071875,7.4938182,0,0,0,0,20260927,0
late_strong,proposed,4,20,12,0.6,0,0,0.0048718944,4.071875,2.9975273,0,0,0,1,20260927,0
late_strong,safe_window,4,20,10,0.5,0,0,0.0044060559,3.778125,3.7469091,2,3,1,0.15,20260927,0
late_strong,compact_channel,4,20,10,0.5,0,0,0.0036684783,3.7875,3.7469091,2,3,1,0.15,20260927,0
late_strong,compact,4,20,10,0.5,0,0,0.0038334627,3.784375,3.7469091,2,3,1,0.15,20260927,0
late_strong,proposed,6,20,0,0,0,0,0,1.953125,7.4938182,0,0,0,1,20260927,0
late_strong,safe_window,6,20,0,0,0,0,0,1.9125,7.4938182,0,0,0,0.15,20260927,0
late_strong,compact_channel,6,20,0,0,0,0,0,1.896875,7.4938182,0,0,0,0.15,20260927,0
late_strong,compact,6,20,0,0,0,0,0,1.903125,7.4938182,0,0,0,0.15,20260927,0
late_strong,proposed,8,20,0,0,0,0,0,1.203125,7.4938182,0,0,0,1,20260927,0
late_strong,safe_window,8,20,0,0,0,0,0,1.20625,7.4938182,0,0,0,0.1,20260927,0
late_strong,compact_channel,8,20,0,0,0,0,0,1.2125,7.4938182,0,0,0,0.1,20260927,0
late_strong,compact,8,20,0,0,0,0,0,1.215625,7.4938182,0,0,0,0.1,20260927,0
cp_edge,proposed,4,20,17,0.85,0,0,0.012199146,6.940625,1.1240727,0,0,0,0.95,20260927,0
cp_edge,safe_window,4,20,5,0.25,0,0,0.0013586957,4.4625,5.6203636,12,12,0,0,20260927,0
cp_edge,compact_channel,4,20,7,0.35,0,0,0.0016013199,4.646875,4.8709818,10,10,0,0,20260927,0
cp_edge,compact,4,20,7,0.35,0,0,0.0020671584,4.64375,4.8709818,10,10,0,0,20260927,0
cp_edge,proposed,6,20,1,0.05,0,0,0.00026203416,3.13125,7.1191273,0,0,0,1,20260927,0
cp_edge,safe_window,6,20,0,0,0,0,0,2.3625,7.4938182,1,1,0,0,20260927,0
cp_edge,compact_channel,6,20,0,0,0,0,0,2.3625,7.4938182,1,1,0,0,20260927,0
cp_edge,compact,6,20,0,0,0,0,0,2.35625,7.4938182,1,1,0,0,20260927,0
cp_edge,proposed,8,20,0,0,0,0,0,2.15625,7.4938182,0,0,0,1,20260927,0
cp_edge,safe_window,8,20,0,0,0,0,0,1.76875,7.4938182,0,0,0,0,20260927,0
cp_edge,compact_channel,8,20,0,0,0,0,0,1.765625,7.4938182,0,0,0,0,20260927,0
cp_edge,compact,8,20,0,0,0,0,0,1.765625,7.4938182,0,0,0,0,20260927,0
dense,proposed,4,20,20,1,0,0,0.021748835,8.228125,0,0,0,0,1,20260927,0
dense,safe_window,4,20,15,0.75,0,0,0.0083365683,6.41875,1.8734545,5,5,0,0,20260927,0
dense,compact_channel,4,20,14,0.7,0,0,0.0051727484,6.14375,2.2481455,6,6,0,0,20260927,0
dense,compact,4,20,13,0.65,0,0,0.0054056677,6.140625,2.6228364,7,7,0,0,20260927,0
dense,proposed,6,20,0,0,0,0,0,3.4625,7.4938182,0,0,0,1,20260927,0
dense,safe_window,6,20,0,0,0,0,0,2.91875,7.4938182,0,0,0,0,20260927,0
dense,compact_channel,6,20,0,0,0,0,0,2.84375,7.4938182,0,0,0,0,20260927,0
dense,compact,6,20,0,0,0,0,0,2.834375,7.4938182,0,0,0,0,20260927,0
dense,proposed,8,20,0,0,0,0,0,2.265625,7.4938182,0,0,0,1,20260927,0
dense,safe_window,8,20,0,0,0,0,0,1.984375,7.4938182,0,0,0,0,20260927,0
dense,compact_channel,8,20,0,0,0,0,0,2.009375,7.4938182,0,0,0,0,20260927,0
dense,compact,8,20,0,0,0,0,0,2.00625,7.4938182,0,0,0,0,20260927,0
