channel,receiver,sample_snr_db,frames,packet_errors,per,sync_fail_rate,header_fail_rate,conditional_payload_ber,mean_iterations,goodput_mbps,paired_rescues_minus_regressions,rescues,regressions,unsafe_fft_per_capture,seed,quantized_decoder,channel_saturations,rescues_vs_previous,regressions_vs_previous
flat,compact,4,20,0,0,0,0,0,2.434375,7.4938182,0,0,0,0,20261005,1,0,0,0
flat,compact_center,4,20,0,0,0,0,0,2.384375,7.4938182,0,0,0,0,20261005,1,0,0,0
flat,compact_fixed,4,20,0,0,0,0,0,2.384375,7.4938182,0,0,0,0,20261005,1,0,0,0
flat,compact,6,20,0,0,0,0,0,1.3875,7.4938182,0,0,0,0,20261005,1,0,0,0
flat,compact_center,6,20,0,0,0,0,0,1.38125,7.4938182,0,0,0,0,20261005,1,0,0,0
flat,compact_fixed,6,20,0,0,0,0,0,1.38125,7.4938182,0,0,0,0,20261005,1,0,0,0
short_multipath,compact,4,20,0,0,0,0,0,2.75,7.4938182,0,0,0,0,20261005,1,0,0,0
short_multipath,compact_center,4,20,0,0,0,0,0,2.615625,7.4938182,0,0,0,0,20261005,1,0,0,0
short_multipath,compact_fixed,4,20,0,0,0,0,0,2.615625,7.4938182,0,0,0,0,20261005,1,0,0,0
short_multipath,compact,6,20,0,0,0,0,0,1.659375,7.4938182,0,0,0,0,20261005,1,0,0,0
short_multipath,compact_center,6,20,0,0,0,0,0,1.578125,7.4938182,0,0,0,0,20261005,1,0,0,0
short_multipath,compact_fixed,6,20,0,0,0,0,0,1.575,7.4938182,0,0,0,0,20261005,1,0,0,0
late_strong,compact,4,20,1,0.05,0,0,0.00062111801,2.984375,7.1191273,0,0,0,0.05,20261005,1,0,0,0
late_strong,compact_center,4,20,1,0.05,0,0,0.0006890528,2.940625,7.1191273,0,0,0,0,20261005,1,0,0,0
late_strong,compact_fixed,4,20,1,0.05,0,0,0.0006890528,2.95,7.1191273,0,0,0,0,20261005,1,0,0,0
late_strong,compact,6,20,0,0,0,0,0,1.81875,7.4938182,0,0,0,0.05,20261005,1,0,0,0
late_strong,compact_center,6,20,0,0,0,0,0,1.83125,7.4938182,0,0,0,0,20261005,1,0,0,0
late_strong,compact_fixed,6,20,0,0,0,0,0,1.83125,7.4938182,0,0,0,0,20261005,1,0,0,0
cp_edge,compact,4,20,11,0.55,0,0,0.0039790373,4.878125,3.3722182,0,0,0,0,20261005,1,0,0,0
cp_edge,compact_center,4,20,11,0.55,0,0,0.0039790373,4.878125,3.3722182,0,0,0,0,20261005,1,0,0,0
cp_edge,compact_fixed,4,20,11,0.55,0,0,0.004066382,4.8875,3.3722182,0,0,0,0,20261005,1,0,0,0
cp_edge,compact,6,20,0,0,0,0,0,2.365625,7.4938182,0,0,0,0,20261005,1,0,0,0
cp_edge,compact_center,6,20,0,0,0,0,0,2.365625,7.4938182,0,0,0,0,20261005,1,0,0,0
cp_edge,compact_fixed,6,20,0,0,0,0,0,2.36875,7.4938182,0,0,0,0,20261005,1,0,0,0
dense,compact,4,20,11,0.55,0,0,0.0068225932,5.565625,3.3722182,0,0,0,0,20261005,1,0,0,0
dense,compact_center,4,20,11,0.55,0,0,0.0070069876,5.5625,3.3722182,0,0,0,0.15,20261005,1,0,0,0
dense,compact_fixed,4,20,11,0.55,0,0,0.0075310559,5.55625,3.3722182,0,0,0,0.15,20261005,1,0,0,0
dense,compact,6,20,0,0,0,0,0,2.46875,7.4938182,0,0,0,0,20261005,1,0,0,0
dense,compact_center,6,20,0,0,0,0,0,2.4625,7.4938182,0,0,0,0.1,20261005,1,0,0,0
dense,compact_fixed,6,20,0,0,0,0,0,2.4625,7.4938182,0,0,0,0.1,20261005,1,0,0,0
weak_first,compact,4,20,1,0.05,0.05,0,0,2.8782895,7.1191273,0,0,0,0.95,20261005,1,0,0,0
weak_first,compact_center,4,20,3,0.15,0.05,0,0.00042906178,2.875,6.3697455,-2,0,2,0.95,20261005,1,0,0,2
weak_first,compact_fixed,4,20,3,0.15,0.05,0,0.00042906178,2.875,6.3697455,-2,0,2,0.95,20261005,1,0,0,0
weak_first,compact,6,20,0,0,0,0,0,1.68125,7.4938182,0,0,0,1,20261005,1,0,0,0
weak_first,compact_center,6,20,0,0,0,0,0,1.628125,7.4938182,0,0,0,1,20261005,1,0,0,0
weak_first,compact_fixed,6,20,0,0,0,0,0,1.628125,7.4938182,0,0,0,1,20261005,1,0,0,0
