input_scale,word_bits,fraction_bits,coefficient_bits,coefficient_fraction_bits,accumulator_bits,trials,error_vs_float_nmse_db,saturations
0.001,12,8,12,10,20,100,0,0
0.001,16,12,16,14,24,100,-16.574435,0
0.001,18,14,18,16,26,100,-28.371688,0
0.01,12,8,12,10,20,100,-12.762876,0
0.01,16,12,16,14,24,100,-36.3202,0
0.01,18,14,18,16,26,100,-48.422623,0
0.25,12,8,12,10,20,100,-39.724565,0
0.25,16,12,16,14,24,100,-63.587036,0
0.25,18,14,18,16,26,100,-75.7246,0
2,12,8,12,10,20,100,-48.729799,0
2,16,12,16,14,24,100,-71.233956,0
2,18,14,18,16,26,100,-83.913982,0
