payload_bytes,snr_db,decoder,frames,errors,sync_fail,header_fail,payload_fail,per,ci95_low,ci95_high,upper95,mean_iterations,max_iterations,air_goodput_mbps
36,4,float12,100,2,2,0,0,0.02,0.00243133682394254,0.0703839324710696,0.0616192003960402,2.45918367346939,5,2.65637647058824
36,4,q2_nms6,100,2,2,0,0,0.02,0.00243133682394254,0.0703839324710696,0.0616192003960402,2.43877551020408,5,2.65637647058824
36,4,q2_nms12,100,2,2,0,0,0.02,0.00243133682394254,0.0703839324710696,0.0616192003960402,2.43877551020408,5,2.65637647058824
36,4,q2_nms20,100,2,2,0,0,0.02,0.00243133682394254,0.0703839324710696,0.0616192003960402,2.43877551020408,5,2.65637647058824
36,4,q2_alpha_half12,100,30,2,0,28,0.3,0.212406420489537,0.399814676179803,0.384220612794201,5.58163265306122,12,1.89741176470588
36,5,float12,100,0,0,0,0,0,0,0.0362166926451762,0.0295130496070397,1.91,3,2.71058823529412
36,5,q2_nms6,100,0,0,0,0,0,0,0.0362166926451762,0.0295130496070397,1.9,3,2.71058823529412
36,5,q2_nms12,100,0,0,0,0,0,0,0.0362166926451762,0.0295130496070397,1.9,3,2.71058823529412
36,5,q2_nms20,100,0,0,0,0,0,0,0.0362166926451762,0.0295130496070397,1.9,3,2.71058823529412
36,5,q2_alpha_half12,100,3,0,0,3,0.03,0.00622997153830649,0.0851760529742796,0.0757107937498295,2.7,12,2.62927058823529
36,6,float12,100,0,0,0,0,0,0,0.0362166926451762,0.0295130496070397,1.43,2,2.71058823529412
36,6,q2_nms6,100,0,0,0,0,0,0,0.0362166926451762,0.0295130496070397,1.45,2,2.71058823529412
36,6,q2_nms12,100,0,0,0,0,0,0,0.0362166926451762,0.0295130496070397,1.45,2,2.71058823529412
36,6,q2_nms20,100,0,0,0,0,0,0,0.0362166926451762,0.0295130496070397,1.45,2,2.71058823529412
36,6,q2_alpha_half12,100,0,0,0,0,0,0,0.0362166926451762,0.0295130496070397,1.64,3,2.71058823529412
257,4,float12,100,5,0,0,5,0.05,0.0164318791820523,0.112834911105463,0.102253377643275,2.73714285714286,12,6.25024
257,4,q2_nms6,100,10,0,0,10,0.1,0.0490046892214857,0.176222597740022,0.163717623275814,2.67571428571429,6,5.92128
257,4,q2_nms12,100,4,0,0,4,0.04,0.0110044939861884,0.0992571567126595,0.0891962501588793,2.73714285714286,12,6.316032
257,4,q2_nms20,100,3,0,0,3,0.03,0.00622997153830649,0.0851760529742796,0.0757107937498295,2.77714285714286,20,6.381824
257,4,q2_alpha_half12,100,93,0,0,93,0.93,0.861080271544143,0.971394711092561,0.966688084382368,6.33571428571429,12,0.460544
257,5,float12,100,0,0,0,0,0,0,0.0362166926451762,0.0295130496070397,2.01571428571429,5,6.5792
257,5,q2_nms6,100,0,0,0,0,0,0,0.0362166926451762,0.0295130496070397,2,5,6.5792
257,5,q2_nms12,100,0,0,0,0,0,0,0.0362166926451762,0.0295130496070397,2,5,6.5792
257,5,q2_nms20,100,0,0,0,0,0,0,0.0362166926451762,0.0295130496070397,2,5,6.5792
257,5,q2_alpha_half12,100,37,0,0,37,0.37,0.275566579614551,0.472351640551682,0.456565906520073,3.1,12,4.144896
257,6,float12,100,0,0,0,0,0,0,0.0362166926451762,0.0295130496070397,1.57428571428571,3,6.5792
257,6,q2_nms6,100,0,0,0,0,0,0,0.0362166926451762,0.0295130496070397,1.57571428571429,3,6.5792
257,6,q2_nms12,100,0,0,0,0,0,0,0.0362166926451762,0.0295130496070397,1.57571428571429,3,6.5792
257,6,q2_nms20,100,0,0,0,0,0,0,0.0362166926451762,0.0295130496070397,1.57571428571429,3,6.5792
257,6,q2_alpha_half12,100,13,0,0,13,0.13,0.0710730461854297,0.212040677087449,0.198719793042481,2.04285714285714,12,5.723904
2048,4,float12,100,13,0,0,13,0.13,0.0710730461854297,0.212040677087449,0.198719793042481,2.96039215686275,12,7.55183046357616
2048,4,q2_nms6,100,48,0,0,48,0.48,0.379005480177959,0.582210234593693,0.566768149980587,2.90549019607843,6,4.51373774834437
2048,4,q2_nms12,100,15,0,0,15,0.15,0.086454385641649,0.235307500148955,0.221536908318512,2.94725490196078,12,7.37822516556291
2048,4,q2_nms20,100,10,0,0,10,0.1,0.0490046892214857,0.176222597740022,0.163717623275814,2.96627450980392,20,7.81223841059603
2048,4,q2_alpha_half12,100,100,0,0,100,1,0.963783307354824,1,1,7.45470588235294,12,0
2048,5,float12,100,0,0,0,0,0,0,0.0362166926451762,0.0295130496070397,2.14725490196078,8,8.68026490066225
2048,5,q2_nms6,100,2,0,0,2,0.02,0.00243133682394254,0.0703839324710696,0.0616192003960402,2.14549019607843,6,8.50665960264901
2048,5,q2_nms12,100,0,0,0,0,0,0,0.0362166926451762,0.0295130496070397,2.14588235294118,7,8.68026490066225
2048,5,q2_nms20,100,0,0,0,0,0,0,0.0362166926451762,0.0295130496070397,2.14588235294118,7,8.68026490066225
2048,5,q2_alpha_half12,100,100,0,0,100,1,0.963783307354824,1,1,3.82843137254902,12,0
2048,6,float12,100,0,0,0,0,0,0,0.0362166926451762,0.0295130496070397,1.68470588235294,5,8.68026490066225
2048,6,q2_nms6,100,0,0,0,0,0,0,0.0362166926451762,0.0295130496070397,1.68627450980392,5,8.68026490066225
2048,6,q2_nms12,100,0,0,0,0,0,0,0.0362166926451762,0.0295130496070397,1.68627450980392,5,8.68026490066225
2048,6,q2_nms20,100,0,0,0,0,0,0,0.0362166926451762,0.0295130496070397,1.68627450980392,5,8.68026490066225
2048,6,q2_alpha_half12,100,50,0,0,50,0.5,0.398321129503301,0.601678870496699,0.586378285369088,2.13058823529412,12,4.34013245033113
