n,k,rate,decoder,ebn0_db,coded_esn0_db,frames,block_errors,bler,ci95_low,ci95_high,upper95,ber,mean_iterations,max_iterations,info_bits_per_coded_use
648,324,0.5,nms075,1,-2.01029995663981,500,331,0.662,0.618673130596842,0.70339776363462,0.697015836905406,0.0477777777777778,10.742,12,0.169
648,324,0.5,oms050,1,-2.01029995663981,500,295,0.59,0.545462557266802,0.633466949746169,0.62671220638656,0.0430061728395062,10.48,12,0.205
648,324,0.5,layered_bp,1,-2.01029995663981,500,199,0.398,0.35480925682264,0.442404137193214,0.435387430376202,0.0310864197530864,9.44,12,0.301
648,324,0.5,nms075,2,-1.01029995663981,500,18,0.036,0.0214728565860935,0.0563001762017918,0.0529183369697894,0.000907407407407407,5.446,12,0.482
648,324,0.5,oms050,2,-1.01029995663981,500,6,0.012,0.00441617228580188,0.0259349272653354,0.0235465854839697,0.000222222222222222,5.042,12,0.494
648,324,0.5,layered_bp,2,-1.01029995663981,500,6,0.012,0.00441617228580188,0.0259349272653354,0.0235465854839697,0.000382716049382716,4.594,12,0.494
648,324,0.5,nms075,3,-0.0102999566398121,500,0,0,0,0.00735061005190762,0.00597355151634939,0,3.156,8,0.5
648,324,0.5,oms050,3,-0.0102999566398121,500,0,0,0,0.00735061005190762,0.00597355151634939,0,3.05,7,0.5
648,324,0.5,layered_bp,3,-0.0102999566398121,500,0,0,0,0.00735061005190762,0.00597355151634939,0,2.91,7,0.5
648,324,0.5,nms075,4,0.989700043360188,500,0,0,0,0.00735061005190762,0.00597355151634939,0,2.228,5,0.5
648,324,0.5,oms050,4,0.989700043360188,500,0,0,0,0.00735061005190762,0.00597355151634939,0,2.2,4,0.5
648,324,0.5,layered_bp,4,0.989700043360188,500,0,0,0,0.00735061005190762,0.00597355151634939,0,2.162,4,0.5
648,432,0.666666666666667,nms075,1,-0.760912590556813,500,486,0.972,0.953466673008517,0.984609399326161,0.982994522534467,0.0887083333333333,11.898,12,0.0186666666666667
648,432,0.666666666666667,nms075,2,0.239087409443187,500,172,0.344,0.302390900451294,0.387466520395937,0.380568164116716,0.0174490740740741,8.028,12,0.437333333333333
648,432,0.666666666666667,nms075,3,1.23908740944319,500,0,0,0,0.00735061005190762,0.00597355151634939,0,2.984,8,0.666666666666667
648,432,0.666666666666667,nms075,4,2.23908740944319,500,0,0,0,0.00735061005190762,0.00597355151634939,0,1.93,3,0.666666666666667
648,486,0.75,nms075,1,-0.249387366082999,500,500,1,0.992649389948092,1,1,0.0861275720164609,12,12,0
648,486,0.75,nms075,2,0.750612633917001,500,372,0.744,0.703372989731274,0.781714129468886,0.775968810400501,0.0391481481481481,10.572,12,0.192
648,486,0.75,nms075,3,1.750612633917,500,21,0.042,0.0261835767761473,0.0634869405329207,0.0599199468483163,0.00148559670781893,3.698,12,0.7185
648,486,0.75,nms075,4,2.750612633917,500,0,0,0,0.00735061005190762,0.00597355151634939,0,1.898,5,0.75
1296,648,0.5,nms075,1,-2.01029995663981,500,389,0.778,0.738983188306293,0.813692654013583,0.808290180208058,0.0390030864197531,11.394,12,0.111
1296,648,0.5,nms075,2,-1.01029995663981,500,6,0.012,0.00441617228580188,0.0259349272653354,0.0235465854839697,0.000160493827160494,6.044,12,0.494
1296,648,0.5,nms075,3,-0.0102999566398121,500,0,0,0,0.00735061005190762,0.00597355151634939,0,3.536,7,0.5
1296,648,0.5,nms075,4,0.989700043360188,500,0,0,0,0.00735061005190762,0.00597355151634939,0,2.462,4,0.5
1296,864,0.666666666666667,nms075,1,-0.760912590556813,500,499,0.998,0.988907523101032,0.999949365665993,0.999897418673049,0.0904212962962963,11.996,12,0.00133333333333333
1296,864,0.666666666666667,nms075,2,0.239087409443187,500,111,0.222,0.186307345986417,0.261016811693706,0.254758384962963,0.00699768518518518,8.142,12,0.518666666666667
1296,864,0.666666666666667,nms075,3,1.23908740944319,500,0,0,0,0.00735061005190762,0.00597355151634939,0,3.346,6,0.666666666666667
1296,864,0.666666666666667,nms075,4,2.23908740944319,500,0,0,0,0.00735061005190762,0.00597355151634939,0,2.19,4,0.666666666666667
1296,972,0.75,nms075,1,-0.249387366082999,500,500,1,0.992649389948092,1,1,0.0880617283950617,12,12,0
1296,972,0.75,nms075,2,0.750612633917001,500,430,0.86,0.82645614350629,0.889210465735936,0.88489102787823,0.041820987654321,11.478,12,0.105
1296,972,0.75,nms075,3,1.750612633917,500,5,0.01,0.00325472140702462,0.023181388069659,0.0209103229422663,0.000181069958847737,4.084,12,0.7425
1296,972,0.75,nms075,4,2.750612633917,500,0,0,0,0.00735061005190762,0.00597355151634939,0,2.224,4,0.75
1944,972,0.5,nms075,1,-2.01029995663981,500,418,0.836,0.80057707569215,0.867388614065066,0.862707445794894,0.0352880658436214,11.7,12,0.082
1944,972,0.5,nms075,2,-1.01029995663981,500,6,0.012,0.00441617228580188,0.0259349272653354,0.0235465854839697,8.23045267489712e-06,6.346,12,0.494
1944,972,0.5,nms075,3,-0.0102999566398121,500,0,0,0,0.00735061005190762,0.00597355151634939,0,3.642,7,0.5
1944,972,0.5,nms075,4,0.989700043360188,500,0,0,0,0.00735061005190762,0.00597355151634939,0,2.546,4,0.5
1944,1296,0.666666666666667,nms075,1,-0.760912590556813,500,500,1,0.992649389948092,1,1,0.0924799382716049,12,12,0
1944,1296,0.666666666666667,nms075,2,0.239087409443187,500,108,0.216,0.180699136023662,0.25469790622703,0.248486933787244,0.00476697530864198,8.584,12,0.522666666666667
1944,1296,0.666666666666667,nms075,3,1.23908740944319,500,0,0,0,0.00735061005190762,0.00597355151634939,0,3.514,7,0.666666666666667
1944,1296,0.666666666666667,nms075,4,2.23908740944319,500,0,0,0,0.00735061005190762,0.00597355151634939,0,2.266,4,0.666666666666667
1944,1458,0.75,nms075,1,-0.249387366082999,500,500,1,0.992649389948092,1,1,0.0858504801097394,12,12,0
1944,1458,0.75,nms075,2,0.750612633917001,500,441,0.882,0.85043960368427,0.908948322827212,0.905002690416334,0.0385500685871056,11.606,12,0.0885
1944,1458,0.75,nms075,3,1.750612633917,500,1,0.002,5.06343340074196e-05,0.0110924768989678,0.00945228220807418,3.42935528120713e-05,4.098,12,0.7485
1944,1458,0.75,nms075,4,2.750612633917,500,0,0,0,0.00735061005190762,0.00597355151634939,0,2.268,4,0.75
