channel,decoder_mode,payload_bytes,sample_snr_db,frames,packet_errors,ldpc_failures,crc_failures,per,ci95_low,ci95_high,upper95,codewords,data_symbols,slot_us,ideal_goodput_mbps,goodput_mbps,mean_iterations,max_iterations,scalar_ldpc_cycles,scalar_ldpc_service_us,scalar_service_goodput_mbps,required_parallel_lanes,worst_case_parallel_lanes
short_multipath,rtl7,1,2,100,22,22,18,0.22,0.143303576749814,0.313919653786317,0.299011795892877,1,2,106.25,0.0752941176470588,0.0587294117647059,7.28,12,167498.24,1363.10416666667,0.00586895719023674,44,67
short_multipath,rtl7,1,4,100,0,0,0,0,0,0.0362166926451762,0.0295130496070397,1,2,106.25,0.0752941176470588,0.0752941176470588,2.6,5,59820.8,486.822916666667,0.0164330801326629,16,67
short_multipath,rtl7,1,6,100,0,0,0,0,0,0.0362166926451762,0.0295130496070397,1,2,106.25,0.0752941176470588,0.0752941176470588,1.5,2,34512,280.859375,0.0284840055632823,9,67
short_multipath,rtl7,36,2,100,22,22,17,0.22,0.143303576749814,0.313919653786317,0.299011795892877,1,2,106.25,2.71058823529412,2.11425882352941,7.69,12,176931.52,1439.87239583333,0.200017724371553,46,67
short_multipath,rtl7,36,4,100,0,0,0,0,0,0.0362166926451762,0.0295130496070397,1,2,106.25,2.71058823529412,2.71058823529412,2.65,6,60971.2,496.184895833333,0.580428792610282,16,67
short_multipath,rtl7,36,6,100,0,0,0,0,0,0.0362166926451762,0.0295130496070397,1,2,106.25,2.71058823529412,2.71058823529412,1.5,3,34512,280.859375,1.02542420027816,9,67
short_multipath,rtl7,257,2,100,94,94,92,0.94,0.873970065419177,0.977665113928684,0.973550287024053,7,12,312.5,6.5792,0.394752,8.37571428571429,12,192708.434285714,1568.26525297619,0.187286101733675,50,67
short_multipath,rtl7,257,4,100,1,1,1,0.01,0.000253146032977426,0.0544593853920806,0.0465598114535389,7,12,312.5,6.5792,6.513408,2.77142857142857,12,63765.0285714286,518.921130952381,0.566009491992028,17,67
short_multipath,rtl7,257,6,100,0,0,0,0,0,0.0362166926451762,0.0295130496070397,7,12,312.5,6.5792,6.5792,1.61714285714286,4,37207.2228571429,302.793154761905,0.970016267194818,10,67
short_multipath,rtl7,1024,2,100,100,100,100,1,0.963783307354824,1,1,26,44,987.5,8.29569620253165,0,9.81884615384615,12,225912.012307692,1838.47666266026,0.171379343277064,59,67
short_multipath,rtl7,1024,4,100,15,15,12,0.15,0.086454385641649,0.235307500148955,0.221536908318512,26,44,987.5,8.29569620253165,7.0513417721519,3.04730769230769,12,70112.4553846154,570.576622596154,0.552207907928836,19,67
short_multipath,rtl7,1024,6,100,0,0,0,0,0,0.0362166926451762,0.0295130496070397,26,44,987.5,8.29569620253165,8.29569620253165,1.70461538461538,5,39219.7907692308,319.171474358974,0.987171311940471,11,67
short_multipath,rtl7,2048,2,100,100,100,100,1,0.963783307354824,1,1,51,87,1887.5,8.68026490066225,0,9.99156862745098,12,229886.010980392,1870.81714665033,0.17171902798517,60,67
short_multipath,rtl7,2048,4,100,24,24,18,0.24,0.160224613171448,0.335735489270998,0.320602810591366,51,87,1887.5,8.68026490066225,6.59700132450331,3.08137254901961,12,70896.2196078431,576.954912173203,0.556811104615993,19,67
short_multipath,rtl7,2048,6,100,0,0,0,0,0,0.0362166926451762,0.0295130496070397,51,87,1887.5,8.68026490066225,8.68026490066225,1.72352941176471,6,39654.9647058824,322.712928921569,0.995481969174099,11,67
