payload_bytes,snr_db,frames,per,mean_iterations,codewords_per_packet,qc9_cycles_per_codeword,qc9_cycles_per_packet,qc9_info_service_mbps,matlab_air_goodput_mbps,qc9_sustains_air
36,4.0,50,0.0,2.44,1,9350.92,9350.92,4.257668764142994,2.71058823529412,True
36,5.0,50,0.0,1.98,1,7893.64,7893.64,5.0436959374889145,2.71058823529412,True
36,6.0,50,0.0,1.4,1,6056.2,6056.2,6.573944057329679,2.71058823529412,True
257,4.0,50,0.06,2.75142857142857,7,10337.52571428571,72362.67999999996,3.8513200450840146,6.184448,False
257,5.0,50,0.0,2.00285714285714,7,7966.05142857142,55762.35999999994,4.997848728066752,6.5792,False
257,6.0,50,0.0,1.59428571428571,7,6671.69714285713,46701.87999999991,5.967465121318469,6.5792,False
2048,4.0,50,0.14,2.92705882352941,51,10893.922352941172,555590.0399999998,3.6546175665784086,7.46502781456954,False
2048,5.0,50,0.0,2.14352941176471,51,8411.7011764706,428996.7600000006,4.733063997965852,8.68026490066225,False
2048,6.0,50,0.0,1.68588235294118,51,6961.875294117658,355055.64000000054,5.718735012912333,8.68026490066225,False
