channel,receiver,sample_snr_db,frames,packet_errors,per,sync_fail_rate,header_fail_rate,conditional_payload_ber,mean_iterations,goodput_mbps,paired_rescues_minus_regressions
flat,baseline,4,20,20,1,0,0,0.046603261,8.503125,0,0
flat,delay,4,20,4,0.2,0,0,0.0021059783,3.05625,5.9950545,16
flat,delay_uncertainty,4,20,4,0.2,0,0,0.0013489907,3.05625,5.9950545,16
flat,proposed,4,20,0,0,0,0,0,2.428125,7.4938182,20
flat,baseline,6,20,5,0.25,0,0,0.0018439441,2.921875,5.6203636,0
flat,delay,6,20,1,0.05,0,0,0,1.525,7.1191273,4
flat,delay_uncertainty,6,20,1,0.05,0,0,0,1.51875,7.1191273,4
flat,proposed,6,20,0,0,0,0,0,1.346875,7.4938182,5
flat,baseline,8,20,0,0,0,0,0,1.40625,7.4938182,0
flat,delay,8,20,0,0,0,0,0,1.04375,7.4938182,0
flat,delay_uncertainty,8,20,0,0,0,0,0,1.04375,7.4938182,0
flat,proposed,8,20,0,0,0,0,0,1.021875,7.4938182,0
short_multipath,baseline,4,20,20,1,0,0.1,0.08018461,9.5625,0,0
short_multipath,delay,4,20,12,0.6,0,0,0.015673525,3.90625,2.9975273,8
short_multipath,delay_uncertainty,4,20,12,0.6,0,0,0.016265528,3.9,2.9975273,8
short_multipath,proposed,4,20,3,0.15,0,0,6.7934783e-05,2.865625,6.3697455,17
short_multipath,baseline,6,20,9,0.45,0,0,0.0080648292,3.634375,4.1216,0
short_multipath,delay,6,20,2,0.1,0,0,0.0013878106,1.7875,6.7444364,7
short_multipath,delay_uncertainty,6,20,2,0.1,0,0,0.0013684006,1.790625,6.7444364,7
short_multipath,proposed,6,20,0,0,0,0,0,1.584375,7.4938182,9
short_multipath,baseline,8,20,2,0.1,0,0,0.0034743789,1.765625,6.7444364,0
short_multipath,delay,8,20,0,0,0,0,0,1.090625,7.4938182,2
short_multipath,delay_uncertainty,8,20,0,0,0,0,0,1.090625,7.4938182,2
short_multipath,proposed,8,20,0,0,0,0,0,1.059375,7.4938182,2
late_strong,baseline,4,20,20,1,0,0.25,0.18884576,11.466667,0,0
late_strong,delay,4,20,20,1,0,0.15,0.07511646,7.6323529,0,0
late_strong,delay_uncertainty,4,20,20,1,0,0.15,0.074773931,7.6066176,0,0
late_strong,proposed,4,20,12,0.6,0,0,0.0036005435,3.94375,2.9975273,8
late_strong,baseline,6,20,20,1,0,0.2,0.06320361,7.4960938,0,0
late_strong,delay,6,20,15,0.75,0,0.05,0.01552795,3.3684211,1.8734545,5
late_strong,delay_uncertainty,6,20,15,0.75,0,0.05,0.015946796,3.3552632,1.8734545,5
late_strong,proposed,6,20,0,0,0,0,0,2.04375,7.4938182,20
late_strong,baseline,8,20,10,0.5,0,0,0.0089673913,3.16875,3.7469091,0
late_strong,delay,8,20,4,0.2,0,0,0.0057744565,1.759375,5.9950545,6
late_strong,delay_uncertainty,8,20,4,0.2,0,0,0.0056579969,1.759375,5.9950545,6
late_strong,proposed,8,20,0,0,0,0,0,1.290625,7.4938182,10
