channel,receiver,payload_bytes,sample_snr_db,frames,errors,sync_failures,stf_failures,header_failures,payload_failures,per,ci95_low,ci95_high,upper95,header_per_given_sync,payload_per_given_header,unsafe_fft,cfo_rmse_hz,mean_ldpc_iterations,slot_us,phy_goodput_mbps,rescues_vs_first,regressions_vs_first
awgn,compact,1500,0,60,60,58,58,0,2,1,0.940370507713833,1,1,0,1,0,77.9422566692398,12,1437.5,0,0,0
awgn,compact,1500,1,60,60,53,53,0,7,1,0.940370507713833,1,1,0,1,0,595.217507057451,11.5751879699248,1437.5,0,0,0
awgn,compact,1500,2,60,60,37,37,0,23,1,0.940370507713833,1,1,0,1,0,698.37390633915,7.87299771167048,1437.5,0,0,0
awgn,compact,1500,3,60,43,5,5,0,38,0.716666666666667,0.58556393105017,0.825494716485625,0.810737112237458,0,0.690909090909091,0,482.04171635911,4.05454545454545,1437.5,2.36521739130435,0,0
awgn,compact,1500,4,60,2,0,0,0,2,0.0333333333333333,0.0040626246420935,0.115281044419252,0.101235894924162,0,0.0333333333333333,0,448.464590513143,2.52017543859649,1437.5,8.0695652173913,0,0
awgn,compact,1500,5,60,0,0,0,0,0,0,0,0.0596294922861672,0.0487029133100978,0,0,0,263.457191743546,1.89912280701754,1437.5,8.34782608695652,0,0
awgn,compact,1500,6,60,0,0,0,0,0,0,0,0.0596294922861672,0.0487029133100978,0,0,0,263.607439974592,1.39210526315789,1437.5,8.34782608695652,0,0
short,compact,1500,0,60,60,59,59,0,1,1,0.940370507713833,1,1,0,1,0,956.234174579236,12,1437.5,0,0,0
short,compact,1500,1,60,60,55,55,0,5,1,0.940370507713833,1,1,0,1,0,612.594865674067,11.8631578947368,1437.5,0,0,0
short,compact,1500,2,60,60,30,30,0,30,1,0.940370507713833,1,1,0,1,0,569.692674737606,9.38684210526316,1437.5,0,0,0
short,compact,1500,3,60,57,5,5,0,52,0.95,0.860756753278927,0.989567670355652,0.986234842431717,0,0.945454545454545,0,422.307063050675,4.99282296650718,1437.5,0.417391304347826,0,0
short,compact,1500,4,60,7,0,0,0,7,0.116666666666667,0.0482148418713417,0.225716153145648,0.207990937190797,0,0.116666666666667,0,351.56120758483,2.9109649122807,1437.5,7.37391304347826,0,0
short,compact,1500,5,60,0,0,0,0,0,0,0,0.0596294922861672,0.0487029133100978,0,0,0,321.815164149927,2.11622807017544,1437.5,8.34782608695652,0,0
short,compact,1500,6,60,0,0,0,0,0,0,0,0.0596294922861672,0.0487029133100978,0,0,0,257.060001303075,1.65921052631579,1437.5,8.34782608695652,0,0
cp_edge,compact,1500,0,60,60,59,59,0,1,1,0.940370507713833,1,1,0,1,0,617.5518205509,12,1437.5,0,0,0
cp_edge,compact,1500,1,60,60,48,48,0,12,1,0.940370507713833,1,1,0,1,0,722.775515884099,12,1437.5,0,0,0
cp_edge,compact,1500,2,60,60,45,45,0,15,1,0.940370507713833,1,1,0,1,0,753.754321648403,11.7684210526316,1437.5,0,0,0
cp_edge,compact,1500,3,60,60,12,12,0,48,1,0.940370507713833,1,1,0,1,0,555.80055806664,9.11842105263158,1437.5,0,0,0
cp_edge,compact,1500,4,60,55,3,3,0,52,0.916666666666667,0.816142216623414,0.972386689662574,0.966589367630249,0,0.912280701754386,0,561.66834507755,5.23638042474608,1437.5,0.695652173913044,0,0
cp_edge,compact,1500,5,60,6,0,0,1,5,0.1,0.0375912691085658,0.205057736708064,0.187857381988983,0.0166666666666667,0.0847457627118644,1,7053.5006628847,3.2600356824264,1437.5,7.51304347826087,0,0
cp_edge,compact,1500,6,60,0,0,0,0,0,0,0,0.0596294922861672,0.0487029133100978,0,0,0,449.589148011541,2.4859649122807,1437.5,8.34782608695652,0,0
