channel,receiver,payload_bytes,sample_snr_db,frames,errors,sync_failures,stf_failures,header_failures,payload_failures,per,ci95_low,ci95_high,upper95,header_per_given_sync,payload_per_given_header,unsafe_fft,cfo_rmse_hz,mean_ldpc_iterations,slot_us,phy_goodput_mbps,rescues_vs_first,regressions_vs_first,fusion_fast_updates,fusion_updates,channel_saturations,rescues_vs_previous,regressions_vs_previous
awgn,compact,1500,3,60,38,9,9,0,29,0.633333333333333,0.498969282356292,0.754059389562713,0.73707752383315,0,0.568627450980392,0,458.389914622332,4.01547987616099,1437.5,3.06086956521739,0,0,0,0,0,0,0
awgn,compact_fused,1500,3,60,26,9,9,0,17,0.433333333333333,0.305881426842173,0.567590346445385,0.547560918192791,0,0.333333333333333,0,458.389914622332,3.1625386996904,1437.5,4.73043478260869,12,0,58,408,0,12,0
awgn,compact_tracked,1500,3,60,20,9,9,0,11,0.333333333333333,0.21686944543117,0.466872674742831,0.446465644465226,0,0.215686274509804,0,458.389914622332,2.87874097007224,1437.5,5.56521739130435,20,2,58,408,0,9,3
awgn,compact_tracked_fixed,1500,3,60,20,9,9,0,11,0.333333333333333,0.21686944543117,0.466872674742831,0.446465644465226,0,0.215686274509804,0,458.389914622332,2.87822497420021,1437.5,5.56521739130435,20,2,58,408,0,0,0
awgn,compact,1500,4,60,5,0,0,0,5,0.0833333333333333,0.0276133103374264,0.183857783376586,0.16726307642509,0,0.0833333333333333,0,431.4978297092,2.54736842105263,1437.5,7.65217391304348,0,0,0,0,0,0,0
awgn,compact_fused,1500,4,60,1,0,0,0,1,0.0166666666666667,0.000421874452342002,0.089399050057487,0.0766399949345043,0,0.0166666666666667,0,431.4978297092,2.25482456140351,1437.5,8.20869565217391,4,0,114,480,0,4,0
awgn,compact_tracked,1500,4,60,2,0,0,0,2,0.0333333333333333,0.0040626246420935,0.115281044419252,0.101235894924162,0,0.0333333333333333,0,431.4978297092,2.1890350877193,1437.5,8.0695652173913,5,2,114,480,0,1,2
awgn,compact_tracked_fixed,1500,4,60,2,0,0,0,2,0.0333333333333333,0.0040626246420935,0.115281044419252,0.101235894924162,0,0.0333333333333333,0,431.4978297092,2.18815789473684,1437.5,8.0695652173913,5,2,114,480,0,0,0
short,compact,1500,3,60,52,8,8,0,44,0.866666666666667,0.75407777886958,0.940635577294643,0.931889721719796,0,0.846153846153846,0,520.609542251685,5.01366396761134,1437.5,1.11304347826087,0,0,0,0,0,0,0
short,compact_fused,1500,3,60,34,8,8,0,26,0.566666666666667,0.432409653554615,0.694118573157827,0.675782032488717,0,0.5,0,520.609542251685,3.74797570850202,1437.5,3.61739130434783,19,1,50,416,0,19,1
short,compact_tracked,1500,3,60,21,8,8,0,13,0.35,0.23132642214846,0.484028009370567,0.463627365759112,0,0.25,0,520.609542251685,3.36589068825911,1437.5,5.42608695652174,32,1,50,416,0,15,2
short,compact_tracked_fixed,1500,3,60,21,8,8,0,13,0.35,0.23132642214846,0.484028009370567,0.463627365759112,0,0.25,0,520.609542251685,3.36589068825911,1437.5,5.42608695652174,32,1,50,416,0,0,0
short,compact,1500,4,60,4,0,0,0,4,0.0666666666666667,0.0184617775758815,0.161986755197729,0.146097205450712,0,0.0666666666666667,0,351.726628378249,2.93421052631579,1437.5,7.79130434782609,0,0,0,0,0,0,0
short,compact_fused,1500,4,60,2,0,0,0,2,0.0333333333333333,0.0040626246420935,0.115281044419252,0.101235894924162,0,0.0333333333333333,0,351.726628378249,2.49342105263158,1437.5,8.0695652173913,2,0,99,480,0,2,0
short,compact_tracked,1500,4,60,1,0,0,0,1,0.0166666666666667,0.000421874452342002,0.089399050057487,0.0766399949345043,0,0.0166666666666667,0,351.726628378249,2.38771929824561,1437.5,8.20869565217391,4,1,99,480,0,2,1
short,compact_tracked_fixed,1500,4,60,1,0,0,0,1,0.0166666666666667,0.000421874452342002,0.089399050057487,0.0766399949345043,0,0.0166666666666667,0,351.726628378249,2.38771929824561,1437.5,8.20869565217391,4,1,99,480,0,0,0
cp_edge,compact,1500,3,60,60,13,13,0,47,1,0.940370507713833,1,1,0,1,0,580.086071315097,9.13101903695409,1437.5,0,0,0,0,0,0,0,0
cp_edge,compact_fused,1500,3,60,59,13,13,0,46,0.983333333333333,0.910600949942513,0.999578125547658,0.999145477073051,0,0.978723404255319,0,580.086071315097,6.56438969764838,1437.5,0.139130434782609,1,0,49,376,0,1,0
cp_edge,compact_tracked,1500,3,60,49,13,13,0,36,0.816666666666667,0.695603945259224,0.904764177083436,0.893645759400478,0,0.765957446808511,0,580.086071315097,5.76875699888018,1437.5,1.5304347826087,11,0,49,376,0,10,0
cp_edge,compact_tracked_fixed,1500,3,60,49,13,13,0,36,0.816666666666667,0.695603945259224,0.904764177083436,0.893645759400478,0,0.765957446808511,0,580.086071315097,5.76987681970885,1437.5,1.5304347826087,11,0,49,376,0,0,0
cp_edge,compact,1500,4,60,48,2,2,0,46,0.8,0.676699576198709,0.892158877475638,0.880343865783578,0,0.793103448275862,0,598.730817133674,5.06805807622505,1437.5,1.6695652173913,0,0,0,0,0,0,0
cp_edge,compact_fused,1500,4,60,26,2,2,0,24,0.433333333333333,0.305881426842173,0.567590346445385,0.547560918192791,0,0.413793103448276,0,598.730817133674,4.0948275862069,1437.5,4.73043478260869,23,1,112,464,0,23,1
cp_edge,compact_tracked,1500,4,60,28,2,2,0,26,0.466666666666667,0.336699136250453,0.600035097415697,0.580304395475821,0,0.448275862068966,0,598.730817133674,3.88702359346642,1437.5,4.45217391304348,24,4,112,464,0,9,11
cp_edge,compact_tracked_fixed,1500,4,60,28,2,2,0,26,0.466666666666667,0.336699136250453,0.600035097415697,0.580304395475821,0,0.448275862068966,0,598.730817133674,3.88702359346642,1437.5,4.45217391304348,24,4,112,464,0,0,0
