payload_bytes,sample_snr_db,frames,packet_errors,sync_failures,header_failures,payload_failures,per,slot_us,goodput_mbps,mean_payload_iterations
1,0,5,5,5,0,0,1,106.25,0,NaN
1,2,5,3,2,0,1,0.6,106.25,0.030117647,7
1,4,5,0,0,0,0,0,106.25,0.075294118,2.4
1,6,5,0,0,0,0,0,106.25,0.075294118,1.6
1,8,5,0,0,0,0,0,106.25,0.075294118,1
1,10,5,0,0,0,0,0,106.25,0.075294118,1
1,12,5,0,0,0,0,0,106.25,0.075294118,1
36,0,5,5,5,0,0,1,106.25,0,NaN
36,2,5,3,3,0,0,0.6,106.25,1.0842353,6.5
36,4,5,1,1,0,0,0.2,106.25,2.1684706,2.5
36,6,5,0,0,0,0,0,106.25,2.7105882,1.8
36,8,5,0,0,0,0,0,106.25,2.7105882,1
36,10,5,0,0,0,0,0,106.25,2.7105882,1
36,12,5,0,0,0,0,0,106.25,2.7105882,1
257,0,5,5,5,0,0,1,312.5,0,NaN
257,2,5,5,3,0,2,1,312.5,0,7.2142857
257,4,5,0,0,0,0,0,312.5,6.5792,2.6
257,6,5,0,0,0,0,0,312.5,6.5792,1.5714286
257,8,5,0,0,0,0,0,312.5,6.5792,1.0571429
257,10,5,0,0,0,0,0,312.5,6.5792,1
257,12,5,0,0,0,0,0,312.5,6.5792,1
1024,0,5,5,5,0,0,1,987.5,0,NaN
1024,2,5,5,2,0,3,1,987.5,0,9.2051282
1024,4,5,1,0,0,1,0.2,987.5,6.636557,3.0615385
1024,6,5,0,0,0,0,0,987.5,8.2956962,1.6538462
1024,8,5,0,0,0,0,0,987.5,8.2956962,1.0692308
1024,10,5,0,0,0,0,0,987.5,8.2956962,1
1024,12,5,0,0,0,0,0,987.5,8.2956962,1
2048,0,5,5,5,0,0,1,1887.5,0,NaN
2048,2,5,5,3,0,2,1,1887.5,0,9.5294118
2048,4,5,1,0,0,1,0.2,1887.5,6.9442119,3.0039216
2048,6,5,0,0,0,0,0,1887.5,8.6802649,1.7019608
2048,8,5,0,0,0,0,0,1887.5,8.6802649,1.0588235
2048,10,5,0,0,0,0,0,1887.5,8.6802649,1
2048,12,5,0,0,0,0,0,1887.5,8.6802649,1
